[{"id":"2323","name":"Luisa Yrene Lopez vda Estrella","address":"16 de agosto, RD","status":"Student"},{"id":"2323","name":"SUMI MARK","address":"1724  26 Avenue SW","status":"Volunteer"},{"id":"1232","name":"Jose David Pereyra Estrella","address":"Santo Domingo, RD","status":"Volunteer"},{"id":"8090","name":"Maria Estrella de Pereyra","address":"35 Avenue South West","status":"Student"},{"id":"5555","name":"Ramon Matias Mella","address":"La Vega, RD","status":"Volunteer"},{"id":"6666","name":"Juan Pablo Duarte","address":"35 Avenue South West","status":"Student"},{"id":"2222","name":"Albert Einsten","address":"Santo Domingo, RD","status":"Staff"},{"id":"77778","name":"Juana Maria Lendoiro","address":"Puerto Plata","status":"Student"},{"id":"8888","name":"Bill Gates","address":"Estados Unidos","status":"Volunteer"},{"id":"668899","name":"Mark Zuckerberg","address":"Colorado, EU","status":"Volunteer"},{"id":"55555","name":"Silvester Stallone","address":"California, EU","status":"Volunteer"},{"id":"55555","name":"George Washington","address":"Philadelphia","status":"Staff"},{"id":"1111111","name":"Gloria Steffan","address":"Miami, EU","status":"Student"},{"id":"6666678","name":"Jose Manuel Peralta","address":"Santiago Puerto Plata","status":"Volunteer"},{"id":"333333","name":"Dima Marachi","address":"Calgary, Canada","status":"Staff"},{"id":"22222","name":"Simon Bolivar","address":"Caracas, Venezuela","status":"Student"},{"id":"78787878","name":"Elon Musk","address":"16 de agosto #149","status":"Student"},{"id":"2334","name":"Sofia Ramirez","address":"Santiago Puerto Plata","status":"Student"},{"id":"1234","name":"Maria Prueba welcome","address":"16 de agosto, RD","status":"Volunteer"},{"id":"2345","name":"Pedro Manuel Nicasio","address":"1724  26 Avenue SW","status":"Student"},{"id":"1111","name":"Juana Luisa Cruz","address":"Montecristi, RD","status":"Volunteer"},{"id":"222222","name":"Carlos Manuel Peralta","address":"Bonao, RD","status":"Volunteer"},{"id":"32323232","name":"Francisco Jose Peralta Munoz","address":"16 de agosto, RD","status":"Student"},{"id":"44444","name":"Margarita Mercedes Lopez","address":"La Vega, RD","status":"Student"},{"id":"121212","name":"Josefina Manuela Cabrera","address":"Santiago Puerto Plata, RD","status":"Staff"},{"id":"00000056","name":"Ian Daniel Pereyra Estrella","address":"13 2345 avenue, Calgary, Ab","status":"Volunteer"},{"id":"1111111","name":"Rosa Margarita Pena","address":"La Herradura, Santiago","status":"Volunteer"},{"id":"67777","name":"Debora Santalles","address":"16 de agosto, RD","status":"Student"},{"id":"34","name":"JOsefina","address":"Santo Domingo, RD","status":"Volunteer"},{"id":"430843","name":"Josefa Almonte de Oca","address":"1724  26 Avenue SW","status":"Staff"},{"id":"00000059","name":"Elos Musk Gates","address":"16 de agosto #149","status":"Student"},{"id":"00000059","name":"Elos Musk Gates","address":"16 de agosto #149","status":"Student"},{"id":"4903984","name":"Jiyung Yun","address":"Calgary, Alberta","status":"Staff"},{"id":"430843","name":"MARIA SOFIA NICOLE","address":"1724  26 Avenue SW, VANCOUVER","status":"Volunteer"}]